{"cameraMode":{"drawMode":0,"name":"Shaded","section":"Shading Mode"},"sceneLighting":true,"audioPlay":false,"sceneViewState":{"showFog":true,"showMaterialUpdate":false,"showSkybox":true,"showFlares":true,"showImageEffects":true,"showParticleSystems":true},"in2DMode":false,"pivot":{"x":-23.1672420501709,"y":-11.591804504394532,"z":-4.751879692077637},"rotation":{"x":0.27476298809051516,"y":-0.708919882774353,"z":0.36046239733695986,"w":0.5403751134872437},"size":27.919071197509767,"orthographic":false}